{
  "best_val_mae": 3.4536884069739906,
  "test_mae": 3.3715975215777063,
  "elapsed_sec": 2801.962042093277
}