{
  "best_val_mae": 3.2788449558015547,
  "test_mae": 3.3192171200420297,
  "elapsed_sec": 2761.26638507843
}