{
  "best_val_mae": 3.89872818770916,
  "test_mae": 3.9440587678905463,
  "elapsed_sec": 908.7624588012695
}