{
  "best_val_mae": 3.7905583708525,
  "test_mae": 3.700014199048463,
  "elapsed_sec": 3138.3426699638367
}