{
  "name": "A_main",
  "split_mode": "random",
  "labeled_frac": 0.1,
  "seeds": [
    0,
    1,
    2
  ],
  "variants": [
    "supervised",
    "naive_ssl",
    "sort_match_ssl"
  ],
  "aggregate": {
    "supervised": {
      "mean": 3.7080666634887756,
      "std": 0.08016298963913855,
      "n": 3,
      "values": [
        3.660630368933769,
        3.820956027147995,
        3.6426135943845614
      ]
    },
    "naive_ssl": {
      "mean": 11.420050488197715,
      "std": 0.4822433283446599,
      "n": 3,
      "values": [
        10.800637085406748,
        11.4826069945061,
        11.976907384680295
      ]
    },
    "sort_match_ssl": {
      "mean": 3.404770559618864,
      "std": 0.10164071512043313,
      "n": 3,
      "values": [
        3.2943469151002955,
        3.3802878619679504,
        3.539676901788348
      ]
    }
  },
  "per_seed": {
    "0": {
      "supervised": {
        "test_mae": 3.660630368933769,
        "best_val_mae": 3.782970706010984,
        "elapsed_sec": 90.73893404006958
      },
      "naive_ssl": {
        "test_mae": 10.800637085406748,
        "best_val_mae": 10.804045091984824,
        "elapsed_sec": 1127.1649677753448
      },
      "sort_match_ssl": {
        "test_mae": 3.2943469151002955,
        "best_val_mae": 3.3636776084567086,
        "elapsed_sec": 812.5901670455933
      }
    },
    "1": {
      "supervised": {
        "test_mae": 3.820956027147995,
        "best_val_mae": 3.7861356204189085,
        "elapsed_sec": 105.85017395019531
      },
      "naive_ssl": {
        "test_mae": 11.4826069945061,
        "best_val_mae": 11.506036667261728,
        "elapsed_sec": 853.2793958187103
      },
      "sort_match_ssl": {
        "test_mae": 3.3802878619679504,
        "best_val_mae": 3.2814659734991425,
        "elapsed_sec": 710.854120016098
      }
    },
    "2": {
      "supervised": {
        "test_mae": 3.6426135943845614,
        "best_val_mae": 3.6186649530215727,
        "elapsed_sec": 98.47499203681946
      },
      "naive_ssl": {
        "test_mae": 11.976907384680295,
        "best_val_mae": 11.90203217391352,
        "elapsed_sec": 778.7035548686981
      },
      "sort_match_ssl": {
        "test_mae": 3.539676901788348,
        "best_val_mae": 3.488216515105693,
        "elapsed_sec": 777.0991868972778
      }
    }
  }
}