{
  "seed": 0,
  "epochs": 30,
  "alpha_mol": 0.05,
  "q_uncorrected": {
    "c": 13.367141723632812,
    "h": 1.0327154397964478
  },
  "bonferroni_quantiles": {
    "3": {
      "alpha_atom": 0.008333333333333333,
      "q_c": 24.073585510253906,
      "q_h": 1.617182731628418
    },
    "4": {
      "alpha_atom": 0.00625,
      "q_c": 25.69367218017578,
      "q_h": 1.6927638053894043
    },
    "5": {
      "alpha_atom": 0.005,
      "q_c": 27.235496520996094,
      "q_h": 1.841104507446289
    },
    "6": {
      "alpha_atom": 0.004166666666666667,
      "q_c": 28.568405151367188,
      "q_h": 1.9747953414916992
    },
    "7": {
      "alpha_atom": 0.0035714285714285718,
      "q_c": 29.422836303710938,
      "q_h": 2.0505077838897705
    },
    "8": {
      "alpha_atom": 0.003125,
      "q_c": 29.51830291748047,
      "q_h": 2.0505077838897705
    },
    "9": {
      "alpha_atom": 0.002777777777777778,
      "q_c": 30.375442504882812,
      "q_h": 2.07843017578125
    },
    "10": {
      "alpha_atom": 0.0025,
      "q_c": 30.497222900390625,
      "q_h": 2.07843017578125
    },
    "11": {
      "alpha_atom": 0.002272727272727273,
      "q_c": 30.497222900390625,
      "q_h": 3.106825828552246
    },
    "12": {
      "alpha_atom": 0.0020833333333333333,
      "q_c": 30.497222900390625,
      "q_h": 3.106825828552246
    },
    "13": {
      "alpha_atom": 0.0019230769230769232,
      "q_c": 30.59619140625,
      "q_h": 3.106825828552246
    },
    "14": {
      "alpha_atom": 0.0017857142857142859,
      "q_c": 30.59619140625,
      "q_h": 3.106825828552246
    },
    "15": {
      "alpha_atom": 0.0016666666666666668,
      "q_c": 30.59619140625,
      "q_h": 3.106825828552246
    },
    "16": {
      "alpha_atom": 0.0015625,
      "q_c": 30.59619140625,
      "q_h": 3.106825828552246
    },
    "17": {
      "alpha_atom": 0.0014705882352941176,
      "q_c": 33.566619873046875,
      "q_h": 3.3113908767700195
    },
    "18": {
      "alpha_atom": 0.001388888888888889,
      "q_c": 33.566619873046875,
      "q_h": 3.3113908767700195
    },
    "19": {
      "alpha_atom": 0.0013157894736842105,
      "q_c": 33.566619873046875,
      "q_h": 3.3113908767700195
    },
    "20": {
      "alpha_atom": 0.00125,
      "q_c": 33.566619873046875,
      "q_h": 3.3113908767700195
    },
    "21": {
      "alpha_atom": 0.0011904761904761906,
      "q_c": 33.566619873046875,
      "q_h": 3.3113908767700195
    },
    "23": {
      "alpha_atom": 0.0010869565217391304,
      "q_c": 33.566619873046875,
      "q_h": 3.3113908767700195
    },
    "27": {
      "alpha_atom": 0.000925925925925926,
      "q_c": 37.01153564453125,
      "q_h": 3.3113908767700195
    },
    "38": {
      "alpha_atom": 0.0006578947368421052,
      "q_c": 37.01153564453125,
      "q_h": 3.3113908767700195
    }
  },
  "test_rates": {
    "n_total": 155,
    "n_pass_uncorrected": 103,
    "rate_uncorrected": 0.6645161290322581,
    "n_pass_bonferroni": 147,
    "rate_bonferroni": 0.9483870967741935
  },
  "val_atoms": {
    "c": 1959,
    "h": 1307
  }
}