{
  "seed": 0,
  "alpha": 0.05,
  "best_val_c_mae": 4.827352388402215,
  "c_quantile_ppm": 14.816715240478516,
  "h_quantile_ppm": 1.0629873275756836,
  "c_empirical_coverage": 0.9519284516489659,
  "h_empirical_coverage": 0.9669277632724108,
  "n_test_molecules": 155,
  "structure_consistent_all_h": 129,
  "structure_consistent_all_c": 135,
  "structure_consistent_both": 117,
  "demos": [
    {
      "smiles": "Oc1cc2ccccc2cc1O",
      "nmr_id": "10005889",
      "n_atoms": 12,
      "n_hsqc": 3,
      "hsqc_observed": [
        [
          7.149,
          110.9
        ],
        [
          7.18,
          124.6
        ],
        [
          7.58,
          127.1
        ]
      ],
      "hsqc_predicted": [
        [
          7.1018571853637695,
          116.07218170166016
        ],
        [
          7.372285842895508,
          127.62124633789062
        ],
        [
          7.374767303466797,
          127.19950103759766
        ]
      ],
      "c_interval_halfwidth_ppm": 14.816715240478516,
      "h_interval_halfwidth_ppm": 1.0629873275756836,
      "h_all_within": true,
      "c_all_within": true
    },
    {
      "smiles": "CC1(C)CC(=O)C2(C)CCC(=O)C=C2C1",
      "nmr_id": "10021986",
      "n_atoms": 15,
      "n_hsqc": 8,
      "hsqc_observed": [
        [
          2.21,
          29.57
        ],
        [
          2.56,
          33.55
        ],
        [
          5.8,
          127.23
        ],
        [
          2.2,
          45.8
        ],
        [
          2.5300000000000002,
          51.05
        ],
        [
          1.39,
          22.91
        ],
        [
          1.12,
          30.78
        ],
        [
          0.75,
          25.84
        ]
      ],
      "hsqc_predicted": [
        [
          2.2087011337280273,
          31.9908447265625
        ],
        [
          2.561140775680542,
          34.40251922607422
        ],
        [
          5.642531394958496,
          113.70018768310547
        ],
        [
          2.7631208896636963,
          43.49494552612305
        ],
        [
          2.683661699295044,
          46.62009048461914
        ],
        [
          1.9164414405822754,
          22.0213623046875
        ],
        [
          1.659325122833252,
          26.022300720214844
        ],
        [
          1.659325122833252,
          26.022300720214844
        ]
      ],
      "c_interval_halfwidth_ppm": 14.816715240478516,
      "h_interval_halfwidth_ppm": 1.0629873275756836,
      "h_all_within": true,
      "c_all_within": true
    },
    {
      "smiles": "COc1cc(C#N)cc(OC)c1OC",
      "nmr_id": "20985",
      "n_atoms": 14,
      "n_hsqc": 5,
      "hsqc_observed": [
        [
          6.88,
          109.4
        ],
        [
          6.88,
          109.4
        ],
        [
          3.92,
          56.3
        ],
        [
          3.92,
          56.3
        ],
        [
          3.92,
          60.9
        ]
      ],
      "hsqc_predicted": [
        [
          7.148609161376953,
          117.80731964111328
        ],
        [
          7.148609161376953,
          117.80731964111328
        ],
        [
          3.546916961669922,
          54.78891372680664
        ],
        [
          3.546916961669922,
          54.78891372680664
        ],
        [
          3.547694683074951,
          54.826107025146484
        ]
      ],
      "c_interval_halfwidth_ppm": 14.816715240478516,
      "h_interval_halfwidth_ppm": 1.0629873275756836,
      "h_all_within": true,
      "c_all_within": true
    },
    {
      "smiles": "C1CCSC1",
      "nmr_id": "10016047",
      "n_atoms": 5,
      "n_hsqc": 4,
      "hsqc_observed": [
        [
          2.82,
          31.7
        ],
        [
          1.95,
          31.2
        ],
        [
          1.95,
          31.2
        ],
        [
          2.82,
          31.7
        ]
      ],
      "hsqc_predicted": [
        [
          1.9610059261322021,
          28.9434814453125
        ],
        [
          1.384289264678955,
          21.353118896484375
        ],
        [
          1.384289264678955,
          21.353118896484375
        ],
        [
          1.9610059261322021,
          28.9434814453125
        ]
      ],
      "c_interval_halfwidth_ppm": 14.816715240478516,
      "h_interval_halfwidth_ppm": 1.0629873275756836,
      "h_all_within": true,
      "c_all_within": true
    },
    {
      "smiles": "COC(=O)c1ccncc1",
      "nmr_id": "20035485",
      "n_atoms": 10,
      "n_hsqc": 3,
      "hsqc_observed": [
        [
          8.78,
          150.6
        ],
        [
          7.84,
          122.8
        ],
        [
          3.961,
          52.7
        ]
      ],
      "hsqc_predicted": [
        [
          8.213706016540527,
          140.07492065429688
        ],
        [
          7.091609001159668,
          116.01437377929688
        ],
        [
          3.5334157943725586,
          52.91562271118164
        ]
      ],
      "c_interval_halfwidth_ppm": 14.816715240478516,
      "h_interval_halfwidth_ppm": 1.0629873275756836,
      "h_all_within": true,
      "c_all_within": true
    }
  ]
}