{
  "seed": 0,
  "best_val_c_mae": 4.584541457183228,
  "c_by_type": {
    "sp3_CH3": {
      "n": 228,
      "mae": 2.8612028216713354,
      "p90": 5.388829010009767
    },
    "aromatic": {
      "n": 950,
      "mae": 4.86991998671361,
      "p90": 10.328686706542966
    },
    "sp3_quat": {
      "n": 48,
      "mae": 11.325626109441123,
      "p90": 23.68349267578127
    },
    "sp3_CH2": {
      "n": 276,
      "mae": 5.5220735738118485,
      "p90": 10.706707565307617
    },
    "olefinic": {
      "n": 98,
      "mae": 11.7942478531818,
      "p90": 23.158403002929692
    },
    "sp3_CH": {
      "n": 96,
      "mae": 6.24347698281606,
      "p90": 13.008348083496095
    },
    "carbonyl/imino": {
      "n": 97,
      "mae": 8.033212117932505,
      "p90": 16.14062500000001
    }
  },
  "h_by_type": {
    "sp3_H_CH3": {
      "n": 218,
      "mae": 0.4270430041100271,
      "p90": 0.8025764606475831
    },
    "aromatic": {
      "n": 513,
      "mae": 0.46654022791009203,
      "p90": 0.9181297949218745
    },
    "olefinic": {
      "n": 54,
      "mae": 0.8976404475176774,
      "p90": 1.868787612915039
    },
    "sp3_H_CH2": {
      "n": 251,
      "mae": 0.42273526040339376,
      "p90": 0.9329555076599121
    },
    "sp3_H_CH": {
      "n": 93,
      "mae": 0.7136342024608324,
      "p90": 1.41113152885437
    },
    "carbonyl/imino": {
      "n": 8,
      "mae": 1.1761312898254395,
      "p90": 1.5319924442291255
    }
  }
}