{
  "per_seed": {
    "0": {
      "seed": 0,
      "test_c_mae": 5.393044304954631,
      "test_h_mae": 4.797783745659722,
      "best_val_c_mae": 5.279223014734968
    },
    "1": {
      "seed": 1,
      "test_c_mae": 4.351860070555867,
      "test_h_mae": 4.5557011108884,
      "best_val_c_mae": 4.877938704821871
    },
    "2": {
      "seed": 2,
      "test_c_mae": 5.269009841344784,
      "test_h_mae": 4.706918909929801,
      "best_val_c_mae": 4.807735829272418
    }
  },
  "aggregate": {
    "c_mean": 5.004638072285093,
    "c_std": 0.4643529381099018,
    "h_mean": 4.68680125549264,
    "h_std": 0.09984835344827045
  },
  "epochs": 30,
  "K": 16
}