{
  "per_seed": {
    "0": {
      "test_c_mae": 4.698197621001294,
      "test_h_mae": 0.40963278987077756,
      "best_val_c_mae": 4.552792953435376,
      "elapsed": 74.54227709770203
    },
    "1": {
      "test_c_mae": 4.595914831483998,
      "test_h_mae": 0.3352142625957876,
      "best_val_c_mae": 4.433213704904947,
      "elapsed": 62.50966501235962
    },
    "2": {
      "test_c_mae": 4.6919738602311645,
      "test_h_mae": 0.41842952262450367,
      "best_val_c_mae": 4.442869850249363,
      "elapsed": 54.24728870391846
    }
  },
  "aggregate": {
    "c_mean": 4.6620287709054855,
    "c_std": 0.046818611248819066,
    "h_mean": 0.38775885836368956,
    "h_std": 0.037327796033646624
  },
  "lambda_mul": 1.0,
  "epochs": 30
}