{
  "p11_lambda2_headline": {
    "per_seed": {
      "0": {
        "test_c_mae": 4.689427611458934,
        "test_h_mae": 0.3321683646466907,
        "best_val_c_mae": 5.094458295884034,
        "elapsed": 59.33940505981445
      },
      "1": {
        "test_c_mae": 4.450780298802759,
        "test_h_mae": 0.3509825889510338,
        "best_val_c_mae": 4.444335803504048,
        "elapsed": 51.49195194244385
      },
      "2": {
        "test_c_mae": 4.463656746856991,
        "test_h_mae": 0.37590694834001026,
        "best_val_c_mae": 4.550880540917545,
        "elapsed": 46.102303981781006
      }
    },
    "aggregate": {
      "c_mean": 4.5346215523728945,
      "c_std": 0.10959056430166515,
      "h_mean": 0.35301930064591164,
      "h_std": 0.017914185659609148
    }
  },
  "p12a_k_sweep": {
    "2": {
      "per_seed": {
        "0": {
          "test_c_mae": 5.2919148011240615,
          "test_h_mae": 0.42719925160708583,
          "best_val_c_mae": 5.857726942754425,
          "elapsed": 39.28937792778015
        },
        "1": {
          "test_c_mae": 5.34655982286226,
          "test_h_mae": 0.6931840016785695,
          "best_val_c_mae": 5.2605853452378915,
          "elapsed": 27.8286349773407
        },
        "2": {
          "test_c_mae": 5.30133505527065,
          "test_h_mae": 1.2093231643455615,
          "best_val_c_mae": 5.573952813807734,
          "elapsed": 25.855584859848022
        }
      },
      "c_mean": 5.313269893085658,
      "c_std": 0.0238516228021623,
      "h_mean": 0.7765688058770723,
      "h_std": 0.32469906364483886
    },
    "4": {
      "per_seed": {
        "0": {
          "test_c_mae": 5.777475546469039,
          "test_h_mae": 0.5531703292612729,
          "best_val_c_mae": 5.814650165929203,
          "elapsed": 40.89167094230652
        },
        "1": {
          "test_c_mae": 5.397826459164137,
          "test_h_mae": 0.5107715426872074,
          "best_val_c_mae": 5.3298999773814835,
          "elapsed": 29.851974964141846
        },
        "2": {
          "test_c_mae": 5.384109312825879,
          "test_h_mae": 0.7196828024263374,
          "best_val_c_mae": 5.739961249297698,
          "elapsed": 26.255039930343628
        }
      },
      "c_mean": 5.519803772819685,
      "c_std": 0.18228749678757314,
      "h_mean": 0.5945415581249393,
      "h_std": 0.09016526509587809
    },
    "8": {
      "per_seed": {
        "0": {
          "test_c_mae": 6.008193652569284,
          "test_h_mae": 0.9631135020995262,
          "best_val_c_mae": 6.272477789684735,
          "elapsed": 42.65769600868225
        },
        "1": {
          "test_c_mae": 5.554322254045207,
          "test_h_mae": 0.44005726001880785,
          "best_val_c_mae": 5.650468208656353,
          "elapsed": 28.786031007766724
        },
        "2": {
          "test_c_mae": 4.631635814545314,
          "test_h_mae": 0.4915698962849831,
          "best_val_c_mae": 4.907642797291538,
          "elapsed": 26.738139867782593
        }
      },
      "c_mean": 5.398050573719935,
      "c_std": 0.572738159435339,
      "h_mean": 0.6315802194677723,
      "h_std": 0.2353708082200121
    },
    "16": {
      "per_seed": {
        "0": {
          "test_c_mae": 5.353208334836894,
          "test_h_mae": 0.537111461061026,
          "best_val_c_mae": 5.723412869883849,
          "elapsed": 25.716718673706055
        },
        "1": {
          "test_c_mae": 5.674750234904362,
          "test_h_mae": 0.5170324113633897,
          "best_val_c_mae": 5.555941032133301,
          "elapsed": 25.968554973602295
        },
        "2": {
          "test_c_mae": 4.936823789426969,
          "test_h_mae": 0.5810428043765485,
          "best_val_c_mae": 5.302504310678859,
          "elapsed": 26.64778208732605
        }
      },
      "c_mean": 5.321594119722741,
      "c_std": 0.30208547761816035,
      "h_mean": 0.5450622256003214,
      "h_std": 0.0267300529491214
    },
    "32": {
      "per_seed": {
        "0": {
          "test_c_mae": 5.530152142460847,
          "test_h_mae": 0.45473280716592246,
          "best_val_c_mae": 6.074383670953171,
          "elapsed": 45.51043200492859
        },
        "1": {
          "test_c_mae": 5.3122605464338655,
          "test_h_mae": 0.8810542970394044,
          "best_val_c_mae": 5.337174952619031,
          "elapsed": 31.68557596206665
        },
        "2": {
          "test_c_mae": 5.2478943206083635,
          "test_h_mae": 0.36324660877640796,
          "best_val_c_mae": 5.67976325473206,
          "elapsed": 29.705219984054565
        }
      },
      "c_mean": 5.363435669834359,
      "c_std": 0.12077952210679545,
      "h_mean": 0.5663445709939116,
      "h_std": 0.22564587281056608
    }
  },
  "p12b_lambda_sweep": {
    "0.25": {
      "per_seed": {
        "0": {
          "test_c_mae": 5.850723231361865,
          "test_h_mae": 0.4108536247500366,
          "best_val_c_mae": 6.508283929065265,
          "elapsed": 25.876127004623413
        },
        "1": {
          "test_c_mae": 5.253727866053783,
          "test_h_mae": 1.505058725273569,
          "best_val_c_mae": 5.247820153848792,
          "elapsed": 25.532062768936157
        },
        "2": {
          "test_c_mae": 5.537475384943572,
          "test_h_mae": 0.3859993104536312,
          "best_val_c_mae": 5.856528786495467,
          "elapsed": 25.795408010482788
        }
      },
      "c_mean": 5.547308827453073,
      "c_std": 0.2438215043749879,
      "h_mean": 0.7673038868257457,
      "h_std": 0.5217701189059326
    },
    "0.5": {
      "per_seed": {
        "0": {
          "test_c_mae": 5.353208334836894,
          "test_h_mae": 0.537111461061026,
          "best_val_c_mae": 5.723412869883849,
          "elapsed": 25.550249814987183
        },
        "1": {
          "test_c_mae": 5.674750234904362,
          "test_h_mae": 0.5170324113633897,
          "best_val_c_mae": 5.555941032133301,
          "elapsed": 27.95788288116455
        },
        "2": {
          "test_c_mae": 4.936823789426969,
          "test_h_mae": 0.5810428043765485,
          "best_val_c_mae": 5.302504310678859,
          "elapsed": 27.21199893951416
        }
      },
      "c_mean": 5.321594119722741,
      "c_std": 0.30208547761816035,
      "h_mean": 0.5450622256003214,
      "h_std": 0.0267300529491214
    },
    "1.0": {
      "per_seed": {
        "0": {
          "test_c_mae": 5.19368823185804,
          "test_h_mae": 0.4245585647920937,
          "best_val_c_mae": 5.541016849304019,
          "elapsed": 26.68467688560486
        },
        "1": {
          "test_c_mae": 5.218852012457651,
          "test_h_mae": 0.4316351726801709,
          "best_val_c_mae": 5.404179494545828,
          "elapsed": 26.32300639152527
        },
        "2": {
          "test_c_mae": 4.664769395646096,
          "test_h_mae": 0.3686941070426557,
          "best_val_c_mae": 4.927758440938856,
          "elapsed": 26.18677282333374
        }
      },
      "c_mean": 5.025769879987262,
      "c_std": 0.2554725245950255,
      "h_mean": 0.4082959481716401,
      "h_std": 0.028151364210926958
    },
    "2.0": {
      "per_seed": {
        "0": {
          "test_c_mae": 4.962659241145532,
          "test_h_mae": 0.40310657897637286,
          "best_val_c_mae": 5.52119615943031,
          "elapsed": 25.61006808280945
        },
        "1": {
          "test_c_mae": 4.6004931613054065,
          "test_h_mae": 0.37519595598933675,
          "best_val_c_mae": 4.7697733806857165,
          "elapsed": 26.701669216156006
        },
        "2": {
          "test_c_mae": 4.5894029703150725,
          "test_h_mae": 0.3242022749306499,
          "best_val_c_mae": 4.718602652883796,
          "elapsed": 26.03753685951233
        }
      },
      "c_mean": 4.71751845758867,
      "c_std": 0.1733998287315661,
      "h_mean": 0.3675016032987865,
      "h_std": 0.032668788333105825
    }
  },