{
  "n_molecules": 1542,
  "seed": 0,
  "k_sweep": {
    "2": {
      "c_mae": 5.607735017835259,
      "h_mae": 0.5780460387598252,
      "elapsed": 42.01409602165222
    },
    "4": {
      "c_mae": 6.06422013141194,
      "h_mae": 0.6319317805216224,
      "elapsed": 34.43305993080139
    },
    "8": {
      "c_mae": 5.496775428921569,
      "h_mae": 0.5414726636465882,
      "elapsed": 35.32784056663513
    },
    "16": {
      "c_mae": 5.368142178746498,
      "h_mae": 0.40213432411785843,
      "elapsed": 33.15570306777954
    },
    "32": {
      "c_mae": 5.757206798735119,
      "h_mae": 0.4859363253260033,
      "elapsed": 39.544219732284546
    }
  },
  "noise_sweep": {
    "clean": {
      "sigma_h_ppm": 0.0,
      "sigma_c_ppm": 0.0,
      "c_mae": 5.496775428921569,
      "h_mae": 0.5414726636465882,
      "elapsed": 27.071470975875854
    },
    "low": {
      "sigma_h_ppm": 0.03,
      "sigma_c_ppm": 0.5,
      "c_mae": 5.978111117493873,
      "h_mae": 0.40974410305671727,
      "elapsed": 28.780713081359863
    },
    "medium": {
      "sigma_h_ppm": 0.1,
      "sigma_c_ppm": 2.0,
      "c_mae": 5.710803256849615,
      "h_mae": 0.43932569349134293,
      "elapsed": 27.76901412010193
    },
    "high": {
      "sigma_h_ppm": 0.2,
      "sigma_c_ppm": 4.0,
      "c_mae": 5.155455756521358,
      "h_mae": 0.5333322593203398,
      "elapsed": 26.927370071411133
    }
  },
  "separate_heads": {
    "c_mae": 5.6510746974571076,
    "h_mae": 1.1439376870964337,
    "elapsed": 47.018993854522705
  },
  "wrong_structure": {
    "q_c": 15.175399780273438,
    "q_h": 1.1387815475463867,
    "n_test": 155,
    "n_wrong_attempts": 151,
    "own": {
      "h_pass": 128,
      "c_pass": 136,
      "both": 113,
      "h_rate": 0.8258064516129032,
      "c_rate": 0.8774193548387097,
      "both_rate": 0.7290322580645161
    },
    "wrong": {
      "h_pass": 4,
      "c_pass": 6,
      "both": 2,
      "h_rate": 0.026490066225165563,
      "c_rate": 0.039735099337748346,
      "both_rate": 0.013245033112582781
    }
  }
}