{
  "n_molecules": 1542,
  "k16_main": {
    "0": {
      "test_c_mae": 4.804773607968234,
      "test_h_mae": 0.6567812477823726,
      "elapsed": 68.65856575965881
    },
    "1": {
      "test_c_mae": 4.840697513211692,
      "test_h_mae": 0.32992843834293584,
      "elapsed": 51.942548990249634
    },
    "2": {
      "test_c_mae": 4.960317851691846,
      "test_h_mae": 0.37829921584454174,
      "elapsed": 46.889753103256226
    }
  },
  "k16_agg": {
    "c_mean": 4.868596324290591,
    "c_std": 0.06649441421953997,
    "h_mean": 0.4550029673232834,
    "h_std": 0.14403885790021526
  },
  "lambda_sweep": {
    "0.25": {
      "c_mae": 5.145070416286654,
      "h_mae": 0.3809545439791817
    },
    "0.5": {
      "c_mae": 5.489659918562431,
      "h_mae": 0.5063816703714485
    },
    "1.0": {
      "c_mae": 5.105338142831945,
      "h_mae": 0.49117036499729044
    },
    "2.0": {
      "c_mae": 5.073666207065666,
      "h_mae": 0.38121032084835943
    }
  },
  "axis_aligned_k2": {
    "c_mae": 5.520532145899298,
    "h_mae": 0.3844328863772354
  }
}