{
  "args": {
    "sdf": "/Users/ericdong/nmr-ssl/data/nmrshiftdb2withsignals.sd",
    "max_records": 20000,
    "max_atoms": 60,
    "labeled_frac": 0.1,
    "epochs": 30,
    "hidden": 192,
    "n_layers": 4,
    "K": 8,
    "ssl_weight": 0.5,
    "seeds": [
      0,
      1,
      2
    ],
    "out": "/Users/ericdong/nmr-ssl/experiments/results_2d"
  },
  "n_molecules": 1542,
  "per_seed": {
    "0": {
      "supervised_1d": {
        "test_c_mae": 5.390452011225645,
        "test_h_mae": 2.74450213322874,
        "elapsed_sec": 6.661681890487671
      },
      "sort_match_ssl_1d": {
        "test_c_mae": 4.338011020363097,
        "test_h_mae": 2.7526637343109632,
        "elapsed_sec": 52.893648862838745
      },
      "sort_match_ssl_2d": {
        "test_c_mae": 4.8393348333733535,
        "test_h_mae": 0.4057509500472272,
        "elapsed_sec": 63.79585385322571
      }
    },
    "1": {
      "supervised_1d": {
        "test_c_mae": 5.3251201672408905,
        "test_h_mae": 1.9410126134630483,
        "elapsed_sec": 6.5406200885772705
      },
      "sort_match_ssl_1d": {
        "test_c_mae": 4.3421630859375,
        "test_h_mae": 2.16042608169983,
        "elapsed_sec": 53.77116894721985
      },
      "sort_match_ssl_2d": {
        "test_c_mae": 4.693972724552022,
        "test_h_mae": 0.5655820680018115,
        "elapsed_sec": 53.80054807662964
      }
    },
    "2": {
      "supervised_1d": {
        "test_c_mae": 6.083487218247827,
        "test_h_mae": 2.732177281517287,
        "elapsed_sec": 6.337391138076782
      },
      "sort_match_ssl_1d": {
        "test_c_mae": 5.006369973635899,
        "test_h_mae": 2.9091059723277772,
        "elapsed_sec": 42.77536201477051
      },
      "sort_match_ssl_2d": {
        "test_c_mae": 5.192323449539812,
        "test_h_mae": 0.5012737000568387,
        "elapsed_sec": 46.831215143203735
      }
    }
  },
  "aggregate": {
    "supervised_1d": {
      "c_mean": 5.599686465571454,
      "c_std": 0.343136939308765,
      "h_mean": 2.472564009403025,
      "h_std": 0.37589727354401026,
      "c_values": [
        5.390452011225645,
        5.3251201672408905,
        6.083487218247827
      ],
      "h_values": [
        2.74450213322874,
        1.9410126134630483,
        2.732177281517287
      ]
    },
    "sort_match_ssl_1d": {
      "c_mean": 4.562181359978832,
      "c_std": 0.31409335479447725,
      "h_mean": 2.6073985961128567,
      "h_std": 0.32244572146792383,
      "c_values": [
        4.338011020363097,
        4.3421630859375,
        5.006369973635899
      ],
      "h_values": [
        2.7526637343109632,
        2.16042608169983,
        2.9091059723277772
      ]
    },
    "sort_match_ssl_2d": {
      "c_mean": 4.908543669155063,
      "c_std": 0.20925384661802268,
      "h_mean": 0.49086890603529243,
      "h_std": 0.06566425395208651,
      "c_values": [
        4.8393348333733535,
        4.693972724552022,
        5.192323449539812
      ],
      "h_values": [
        0.4057509500472272,
        0.5655820680018115,
        0.5012737000568387
      ]
    }
  }
}