{
  "best_val_mae": 3.3636776084567086,
  "test_mae": 3.2943469151002955,
  "elapsed_sec": 3177.6627099514008
}