{
  "best_val_mae": 3.2814659734991425,
  "test_mae": 3.3802878619679504,
  "elapsed_sec": 2509.920886993408
}