{
  "name": "C_ablation",
  "fractions": [
    0.02,
    0.05,
    0.1,
    0.2
  ],
  "seeds": [
    0,
    1
  ],
  "by_fraction": {
    "0.02": {
      "variants": [
        "supervised",
        "sort_match_ssl"
      ],
      "per_seed": {
        "0": {
          "supervised": {
            "test_mae": 6.137121897237757,
            "best_val_mae": 6.284070295073157,
            "elapsed_sec": 38.5494966506958
          },
          "sort_match_ssl": {
            "test_mae": 3.672213751239226,
            "best_val_mae": 3.7985682224009016,
            "elapsed_sec": 774.445907831192
          }
        },
        "1": {
          "supervised": {
            "test_mae": 5.430598342250771,
            "best_val_mae": 5.339668599096431,
            "elapsed_sec": 16.718355178833008
          },
          "sort_match_ssl": {
            "test_mae": 3.5716020042987418,
            "best_val_mae": 3.5424221201599098,
            "elapsed_sec": 2071.110421895981
          }
        }
      },
      "aggregate": {
        "supervised": {
          "mean": 5.783860119744263,
          "std": 0.35326177749349297,
          "n": 2,
          "values": [
            6.137121897237757,
            5.430598342250771
          ]
        },
        "sort_match_ssl": {
          "mean": 3.621907877768984,
          "std": 0.05030587347024218,
          "n": 2,
          "values": [
            3.672213751239226,
            3.5716020042987418
          ]
        }
      }
    },
    "0.05": {
      "variants": [
        "supervised",
        "sort_match_ssl"
      ],
      "per_seed": {
        "0": {
          "supervised": {
            "test_mae": 4.92189168804964,
            "best_val_mae": 5.04320414332765,
            "elapsed_sec": 20.971298933029175
          },
          "sort_match_ssl": {
            "test_mae": 3.9109187562011543,
            "best_val_mae": 4.005241453474272,
            "elapsed_sec": 653.6053841114044
          }
        },
        "1": {
          "supervised": {
            "test_mae": 4.61212736778336,
            "best_val_mae": 4.597823180183085,
            "elapsed_sec": 886.7895469665527
          },
          "sort_match_ssl": {
            "test_mae": 3.7786630442444706,
            "best_val_mae": 3.7217233264173286,
            "elapsed_sec": 1920.7113831043243
          }
        }
      },
      "aggregate": {
        "supervised": {
          "mean": 4.7670095279165,
          "std": 0.15488216013313982,
          "n": 2,
          "values": [
            4.92189168804964,
            4.61212736778336
          ]
        },
        "sort_match_ssl": {
          "mean": 3.8447909002228124,
          "std": 0.06612785597834181,
          "n": 2,
          "values": [
            3.9109187562011543,
            3.7786630442444706
          ]
        }
      }
    },
    "0.1": {
      "variants": [
        "supervised",
        "sort_match_ssl"
      ],
      "per_seed": {
        "0": {
          "supervised": {
            "test_mae": 3.7233553899609313,
            "best_val_mae": 3.82356278610071,
            "elapsed_sec": 28.556859016418457
          },
          "sort_match_ssl": {
            "test_mae": 3.7320753691783994,
            "best_val_mae": 3.8868651061222472,
            "elapsed_sec": 1182.3791937828064
          }
        },
        "1": {
          "supervised": {
            "test_mae": 4.103381409827373,
            "best_val_mae": 4.055312207436306,
            "elapsed_sec": 28.401206016540527
          },
          "sort_match_ssl": {
            "test_mae": 3.3802878619679504,
            "best_val_mae": 3.2814659734991425,
            "elapsed_sec": 1135.5677087306976
          }
        }
      },
      "aggregate": {
        "supervised": {
          "mean": 3.9133683998941518,
          "std": 0.19001300993322068,
          "n": 2,
          "values": [
            3.7233553899609313,
            4.103381409827373
          ]
        },
        "sort_match_ssl": {
          "mean": 3.556181615573175,
          "std": 0.17589375360522452,
          "n": 2,
          "values": [
            3.7320753691783994,
            3.3802878619679504
          ]
        }
      }
    },
    "0.2": {
      "variants": [
        "supervised",
        "sort_match_ssl"
      ],
      "per_seed": {
        "0": {
          "supervised": {
            "test_mae": 3.613058866158746,
            "best_val_mae": 3.6741627400774255,
            "elapsed_sec": 49.98292922973633
          },
          "sort_match_ssl": {
            "test_mae": 3.494046078745668,
            "best_val_mae": 3.5907326053671684,
            "elapsed_sec": 2420.4877939224243
          }
        },
        "1": {
          "supervised": {
            "test_mae": 3.394096801266584,
            "best_val_mae": 3.3476112146466965,
            "elapsed_sec": 1090.9145720005035
          },
          "sort_match_ssl": {
            "test_mae": 3.3119424324879945,
            "best_val_mae": 3.229590573117147,
            "elapsed_sec": 3173.457939863205
          }
        }
      },
      "aggregate": {
        "supervised": {
          "mean": 3.503577833712665,
          "std": 0.1094810324460811,
          "n": 2,
          "values": [
            3.613058866158746,
            3.394096801266584
          ]
        },
        "sort_match_ssl": {
          "mean": 3.4029942556168313,
          "std": 0.09105182312883686,
          "n": 2,
          "values": [
            3.494046078745668,
            3.3119424324879945
          ]
        }
      }
    }
  }
}