{
  "best_val_mae": 3.8787281377767053,
  "test_mae": 3.937920638301243,
  "elapsed_sec": 1414.2128469944
}