{
  "best_val_mae": 3.7710462105833846,
  "test_mae": 3.6718589971477704,
  "elapsed_sec": 2734.3396832942963
}